28,375146,email-received,2019-08-22 20:29:48.346071
28,375146,email-received,2019-08-29 20:29:48.346071
28,375146,email-received,2019-08-24 20:29:48.346071
28,375146,email-received,2019-08-25 20:29:48.346071
28,375146,email-received,2019-08-26 20:29:48.346071
28,375146,email-received,2019-08-21 20:29:48.346071
28,375146,email-received,2019-08-21 20:29:48.346071
28,375146,email-received,2019-08-21 20:29:48.346071
28,375146,email-received,2019-08-25 20:29:48.346071
28,375146,email-received,2019-08-25 20:29:48.346071
28,375146,email-received,2019-08-26 20:29:48.346071
28,375146,email-received,2019-08-27 20:29:48.346071
28,375146,email-received,2019-08-22 20:29:48.346071
28,375146,email-received,2019-08-22 20:29:48.346071
28,375146,email-received,2019-08-22 20:29:48.346071
28,375146,email-received,2019-08-22 20:29:48.346071
28,375146,email-received,2019-08-22 20:29:48.346071
27,375462,email-sent,2019-08-22 19:56:56.854571
26,375580,email-sent,2019-08-22 19:56:12.463198
25,375566,email-sent,2019-08-22 19:55:24.155422
23,375501,email-sent,2019-08-22 19:52:42.558356
22,375555,email-sent,2019-08-22 19:50:41.026608
21,324899,email-received,2019-08-22 17:20:31.838284
20,320395,email-received,2019-08-22 17:20:21.442271
19,374966,email-received,2019-08-22 16:50:35.842953
28,375146,email-received,2019-08-29 20:29:48.346071
28,375146,email-received,2019-08-29 20:29:48.346071
28,375146,email-received,2019-08-29 20:29:48.346071
28,375146,email-received,2019-08-30 20:29:48.346071
28,375146,email-received,2019-08-30 20:29:48.346071
28,375146,email-received,2019-08-30 20:29:48.346071
28,375146,email-received,2019-08-30 20:29:48.346071
28,375146,email-received,2019-08-30 20:29:48.346071
28,375146,email-received,2019-08-30 20:29:48.346071
28,375146,email-received,2019-08-30 20:29:48.346071
28,375146,email-received,2019-08-30 20:29:48.346071
28,375146,email-received,2019-08-30 20:29:48.346071
28,375146,email-received,2019-08-30 20:29:48.346071
28,375146,email-received,2019-08-30 20:29:48.346071
